id,first_name,last_name,gender,country_code
1,matheus,oliveira,male,IS
2,matheus,oliveira,male,LS
3,matheus,oliveira,male,TV
4,matheus,oliveira,male,ZW
5,matheus,oliveira,male,GR
6,matheus,oliveira,male,NP
7,matheus,oliveira,male,LU
8,matheus,oliveira,male,MY
9,matheus,oliveira,male,KG
10,matheus,oliveira,male,IM
11,matheus,oliveira,male,TZ
12,matheus,oliveira,male,AZ
13,matheus,oliveira,male,RO
14,matheus,oliveira,male,NA
15,matheus,oliveira,male,HK
16,matheus,oliveira,male,CK
17,matheus,oliveira,male,IQ
18,matheus,oliveira,male,BN
19,matheus,oliveira,male,GR
20,matheus,oliveira,male,CA
21,matheus,oliveira,male,SZ
22,matheus,oliveira,male,HK
23,matheus,oliveira,male,MK
24,matheus,oliveira,male,PH
25,matheus,oliveira,male,NP
26,matheus,oliveira,male,GM
27,matheus,oliveira,male,EG
28,matheus,oliveira,male,ML
29,matheus,oliveira,male,PR
30,matheus,oliveira,male,MH
31,matheus,oliveira,male,ID
32,matheus,oliveira,male,CI
33,matheus,oliveira,male,SM
34,matheus,oliveira,male,JO
35,matheus,oliveira,male,HR
36,matheus,oliveira,male,PK
37,matheus,oliveira,male,CH
38,matheus,oliveira,male,TO
39,matheus,oliveira,male,GI
40,matheus,oliveira,male,IQ
41,matheus,oliveira,male,MW
42,matheus,oliveira,male,WS
43,matheus,oliveira,male,QA
44,matheus,oliveira,male,KG
45,matheus,oliveira,male,TW
46,matheus,oliveira,male,NG
47,matheus,oliveira,male,KP
48,matheus,oliveira,male,AF
49,matheus,oliveira,male,PH
50,matheus,oliveira,male,MM
51,matheus,oliveira,male,US
52,matheus,oliveira,male,VA
53,matheus,oliveira,male,RE
54,matheus,oliveira,male,SA
55,matheus,oliveira,male,ES
56,matheus,oliveira,male,SO
57,matheus,oliveira,male,UG
58,matheus,oliveira,male,VN
59,matheus,oliveira,male,BL
60,matheus,oliveira,male,CY
61,matheus,oliveira,male,AI
62,matheus,oliveira,male,RU
63,matheus,oliveira,male,MM
64,matheus,oliveira,male,CI
65,matheus,oliveira,male,GI
66,matheus,oliveira,male,SY
67,matheus,oliveira,male,PG
68,matheus,oliveira,male,FI
69,matheus,oliveira,male,HN
70,matheus,oliveira,male,CY
71,matheus,oliveira,male,GR
72,matheus,oliveira,male,LB
73,matheus,oliveira,male,CG
74,matheus,oliveira,male,TZ
75,matheus,oliveira,male,BH
76,matheus,oliveira,male,DE
77,matheus,oliveira,male,KM
78,matheus,oliveira,male,HK
79,matheus,oliveira,male,SR
80,matheus,oliveira,male,LI
81,matheus,oliveira,male,MO
82,matheus,oliveira,male,TC
83,matheus,oliveira,male,DJ
84,matheus,oliveira,male,AR
85,matheus,oliveira,male,NU
86,matheus,oliveira,male,TW
87,matheus,oliveira,male,DM
88,matheus,oliveira,male,IR
89,matheus,oliveira,male,SV
90,matheus,oliveira,male,TJ
91,matheus,oliveira,male,MW
92,matheus,oliveira,male,IT
93,matheus,oliveira,male,SS
94,matheus,oliveira,male,GN
95,matheus,oliveira,male,PH
96,matheus,oliveira,male,US
97,matheus,oliveira,male,BN
98,matheus,oliveira,male,AT
99,matheus,oliveira,male,KM
100,matheus,oliveira,male,KM
